Date,NGN_USD_Official,NGN_USD_Parallel,Inflation_Headline,Inflation_Food,Inflation_Core,CBN_MPR,M2_NGN_Trillions,FX_Reserves_B_USD,Remittances_B_USD,Brent_Oil_USD,GDP_PerCapita_USD,USDT_MC_B_USD,USDC_MC_B_USD,Global_Crypto_MC_B,SC_Nigeria_Vol_B_USD,USDT_Ownership_Pct_NG,GT_USDT_NG,GT_Dollar_Rate_NG,D_CBN_Crypto_Ban,D_CBN_Ban_Lifted,D_Naira_Float,D_FX_Crisis_2024,D_COVID,D_CPI_Rebase_2024,D_CPI_Rebase_2025,D_eNaira_Launch,D_Bitcoin_ETF,D_Iran_Oil_Crisis,FX_Return_Official,FX_Return_Parallel,log_NGN_USD_Official,log_NGN_USD_Parallel,FX_Spread_Pct,Real_Interest_Rate,Inflation_Momentum,FX_Volatility_3m,FX_Volatility_6m,SC_Total_MC_B_USD,SC_Dominance_Pct,log_USDT_MC,log_SC_Total_MC,log_SC_Nigeria,SC_Nigeria_Growth,USDT_MC_Growth,GT_Composite_NG,SC_Dominance_Growth,Real_FX_Depreciation,log_Brent,log_Remittances,log_FX_Reserves,log_M2,Inflation_FX_Interaction,Crisis_Intensity,Naira_Appreciation_Dummy,Real_Rate_Positive
2019-01-01,306.95,363,11.37,13.56,8.59,14.0,33.3,42.72,1.983,59.34,2230.0,2.03,0.05,131.7,0.05,22.0,12,20,0,0,0,0,0,0,0,0,0,0,,,5.726685,5.894403,18.26,2.63,,,,2.08,1.58,0.708036,0.732368,-2.995732,,,16.0,,,4.083284,0.684611,3.754667,3.505557,,0,0,1
2019-02-01,306.95,362,11.31,13.47,8.52,14.0,33.74,44.67,1.938,64.95,2219.0,2.08,0.06,127.7,0.05,22.5,11,19,0,0,0,0,0,0,0,0,0,0,0.0,-0.2755,5.726685,5.891644,17.93,2.69,-0.06,,,2.14,1.68,0.732368,0.760806,-2.995732,0.0,2.463,15.0,6.329,-11.31,4.173618,0.661657,3.799302,3.518684,0.0,0,0,1
2019-03-01,306.97,361,11.25,13.28,8.25,13.5,34.18,44.75,1.892,67.18,2208.0,2.12,0.07,141.8,0.06,23.0,11,20,0,0,0,0,0,0,0,0,0,0,0.0065,-0.2762,5.72675,5.888878,17.6,2.25,-0.06,,,2.19,1.54,0.751416,0.783902,-2.813411,20.0,1.923,15.5,-8.333,-11.244,4.207376,0.637634,3.801091,3.531641,0.0731,0,0,1
2019-04-01,307.0,362,11.37,13.57,8.37,13.5,34.62,45.12,1.846,71.87,2197.0,2.2,0.08,175.2,0.06,23.5,12,21,0,0,0,0,0,0,0,0,0,0,0.0098,0.277,5.726848,5.891644,17.92,2.13,0.12,0.005,,2.28,1.3,0.788457,0.824175,-2.813411,0.0,3.774,16.5,-15.584,-11.36,4.274859,0.613021,3.809326,3.544432,0.1114,0,0,1
2019-05-01,307.0,363,11.4,13.62,8.42,13.5,35.07,45.1,1.8,71.28,2186.0,2.58,0.1,267.9,0.07,24.0,14,21,0,0,0,0,0,0,0,0,0,0,0.0,0.2762,5.726848,5.894403,18.24,2.1,0.03,0.005,,2.68,1.0,0.947789,0.985817,-2.65926,16.667,17.273,17.5,-23.077,-11.4,4.266616,0.587787,3.808882,3.557346,0.0,0,0,1
2019-06-01,307.0,362,11.22,13.28,8.16,13.5,35.51,44.5,1.754,64.46,2175.0,2.97,0.15,293.6,0.07,24.5,13,20,0,0,0,0,0,0,0,0,0,0,0.0,-0.2755,5.726848,5.891644,17.92,2.28,-0.18,0.006,,3.12,1.06,1.088562,1.137833,-2.65926,0.0,15.116,16.5,6.0,-11.22,4.166045,0.561899,3.795489,3.569814,0.0,0,0,1
2019-07-01,307.0,363,11.08,12.77,8.4,13.5,35.95,45.04,1.708,64.16,2164.0,3.05,0.22,326.5,0.08,25.0,14,21,0,0,0,0,0,0,0,0,0,0,0.0,0.2762,5.726848,5.894403,18.24,2.42,-0.14,0.0,0.004,3.27,1.0,1.115142,1.18479,-2.525729,14.286,2.694,17.5,-5.66,-11.08,4.16138,0.535323,3.807551,3.582129,0.0,0,0,1
2019-08-01,307.0,365,11.02,12.71,8.32,13.5,36.39,44.84,1.662,59.09,2152.0,2.98,0.28,270.0,0.08,25.5,15,22,0,0,0,0,0,0,0,0,0,0,0.0,0.551,5.726848,5.899897,18.89,2.48,-0.06,0.0,0.004,3.26,1.21,1.091923,1.181727,-2.525729,0.0,-2.295,18.5,21.0,-11.02,4.079062,0.508022,3.803101,3.594294,0.0,0,0,1
2019-09-01,307.0,365,11.24,13.51,8.0,13.5,36.83,42.38,1.617,63.06,2141.0,2.87,0.34,235.4,0.09,26.0,13,21,0,0,0,0,0,0,0,0,0,0,0.0,0.0,5.726848,5.899897,18.89,2.26,0.22,0.0,0.004,3.21,1.36,1.054312,1.166271,-2.407946,12.5,-3.691,17.0,12.397,-11.24,4.144087,0.480573,3.746677,3.606313,0.0,0,0,1
2019-10-01,307.0,367,11.61,14.09,8.5,13.5,37.28,41.29,1.571,59.71,2130.0,2.82,0.38,242.8,0.1,26.5,14,22,0,0,0,0,0,0,0,0,0,0,0.0,0.5479,5.726848,5.905362,19.54,1.89,0.37,0.0,0.0,3.2,1.32,1.036737,1.163151,-2.302585,11.111,-1.742,18.0,-2.941,-11.61,4.0895,0.451712,3.72062,3.618457,0.0,0,0,1
2019-11-01,307.0,368,11.85,14.48,8.6,13.5,37.72,38.99,1.525,63.26,2119.0,3.25,0.42,222.5,0.11,27.0,16,24,0,0,0,0,0,0,0,0,0,0,0.0,0.2725,5.726848,5.908083,19.87,1.65,0.24,0.0,0.0,3.67,1.65,1.178655,1.300192,-2.207275,10.0,15.248,20.0,25.0,-11.85,4.147253,0.421994,3.663305,3.63019,0.0,0,0,1
2019-12-01,307.0,369,11.98,14.67,8.8,13.5,38.16,38.59,1.479,67.31,2108.0,4.07,0.5,192.4,0.12,27.5,18,25,0,0,0,0,0,0,0,0,0,0,0.0,0.2717,5.726848,5.910797,20.2,1.52,0.13,0.0,0.0,4.57,2.38,1.403643,1.519513,-2.120264,9.091,25.231,21.5,44.242,-11.98,4.209309,0.391366,3.652993,3.641788,0.0,0,0,1
2020-01-01,307.0,370,12.13,15.03,9.3,13.5,38.6,38.59,1.433,63.65,2097.0,4.14,0.5,247.7,0.14,28.0,18,26,0,0,0,0,0,0,0,0,0,0,0.0,0.271,5.726848,5.913503,20.52,1.37,0.15,0.0,0.0,4.64,1.87,1.420696,1.534714,-1.966113,16.667,1.72,22.0,-21.429,-12.13,4.153399,0.35977,3.652993,3.653252,0.0,0,0,1
2020-02-01,307.0,372,12.2,15.14,9.55,13.5,39.09,36.66,1.447,55.66,2096.0,4.46,0.61,288.8,0.15,28.4,17,25,0,0,0,0,0,0,0,0,0,0,0.0,0.5405,5.726848,5.918894,21.17,1.3,0.07,0.0,0.0,5.07,1.76,1.495149,1.623341,-1.89712,7.143,7.729,21.0,-5.882,-12.2,4.019262,0.369492,3.601686,3.665867,0.0,0,0,1
2020-03-01,360.0,390,12.26,15.43,9.72,13.5,39.58,35.31,1.461,33.73,2095.0,4.56,0.66,165.9,0.22,28.8,20,35,0,0,0,0,1,0,0,0,0,0,17.2638,4.8387,5.886104,5.966147,8.33,1.24,0.06,9.967,7.048,5.22,3.15,1.517323,1.652497,-1.514128,46.667,2.242,27.5,78.977,5.004,3.518388,0.379121,3.564166,3.678324,211.6542,0,0,1
2020-04-01,380.0,392,12.34,15.92,9.72,13.5,40.08,33.42,1.475,18.38,2094.0,4.61,0.7,198.7,0.27,29.2,23,38,0,0,0,0,1,0,0,0,0,0,5.5556,0.5128,5.940171,5.971262,3.16,1.16,0.08,8.813,6.959,5.31,2.67,1.528228,1.669592,-1.309333,22.727,1.096,30.5,-15.238,-6.784,2.911263,0.388658,3.509155,3.690877,68.5561,0,0,1
2020-05-01,385.0,395,12.4,15.04,9.52,12.5,40.57,33.22,1.489,30.62,2093.0,5.12,0.84,256.8,0.33,29.7,24,36,0,0,0,0,1,0,0,0,0,0,1.3158,0.7653,5.953243,5.978886,2.6,0.1,0.06,8.26,6.834,5.96,2.32,1.633154,1.78507,-1.108663,22.222,11.063,30.0,-13.109,-11.084,3.421653,0.398105,3.503152,3.703029,16.3159,0,0,1
2020-06-01,386.0,393,12.56,15.18,9.31,12.5,41.06,35.59,1.503,42.3,2092.0,6.42,1.08,265.7,0.38,30.1,25,35,0,0,0,0,1,0,0,0,0,0,0.2597,-0.5063,5.955837,5.97381,1.81,-0.06,0.16,2.803,6.805,7.5,2.82,1.859418,2.014903,-0.967584,15.152,25.391,30.0,21.552,-12.3,3.744787,0.407463,3.572065,3.715034,3.2618,0,0,0
2020-07-01,388.0,396,12.82,15.48,9.41,12.5,41.55,35.83,1.517,43.24,2091.0,7.63,1.31,279.8,0.42,30.5,28,36,0,0,0,0,1,0,0,0,0,0,0.5181,0.7634,5.961005,5.981414,2.06,-0.32,0.26,0.551,6.746,8.94,3.2,2.032088,2.190536,-0.867501,10.526,18.847,32.0,13.475,-12.302,3.766766,0.416735,3.578786,3.726898,6.642,0,0,0
2020-08-01,390.0,400,13.22,16.0,9.54,12.5,42.04,35.67,1.531,44.82,2090.0,9.8,1.51,373.2,0.47,30.9,32,37,0,0,0,0,1,0,0,0,0,0,0.5155,1.0101,5.966147,5.991465,2.56,-0.72,0.4,0.148,6.685,11.31,3.03,2.282382,2.425687,-0.755023,11.905,28.44,34.5,-5.313,-12.705,3.802654,0.425921,3.57431,3.738622,6.8149,0,0,0
2020-09-01,392.0,415,13.71,17.0,10.43,11.5,42.53,35.26,1.544,41.47,2089.0,13.32,1.76,348.1,0.52,31.3,33,40,0,0,0,0,1,0,0,0,0,0,0.5128,3.75,5.971262,6.028279,5.87,-2.21,0.49,0.003,2.045,15.08,4.33,2.589267,2.713369,-0.653926,10.638,35.918,36.5,42.904,-13.197,3.72497,0.434376,3.562749,3.75021,7.0305,0,0,0
2020-10-01,395.0,430,14.23,18.16,10.58,11.5,43.02,35.85,1.558,40.99,2088.0,16.23,2.23,364.2,0.57,31.8,36,42,0,0,0,0,1,0,0,0,0,0,0.7653,3.6145,5.978886,6.063785,8.86,-2.73,0.52,0.145,0.364,18.46,5.07,2.786861,2.915606,-0.562119,9.615,21.847,39.0,17.09,-13.465,3.713328,0.443403,3.579344,3.761665,10.8902,0,0,0
2020-11-01,395.0,470,14.89,19.54,10.97,11.5,43.52,36.39,1.572,43.14,2087.0,18.21,2.92,481.1,0.67,32.2,40,46,0,0,0,0,1,0,0,0,0,0,0.0,9.3023,5.978886,6.152733,18.99,-3.39,0.66,0.39,0.264,21.13,4.39,2.901971,3.050694,-0.400478,17.544,12.2,43.0,-13.412,-14.89,3.764451,0.452349,3.594294,3.773221,0.0,0,0,0
2020-12-01,394.0,478,15.75,21.79,11.37,11.5,44.01,35.38,1.586,50.18,2086.0,20.78,3.67,761.9,0.78,32.6,45,50,0,0,0,0,1,0,0,0,0,0,-0.2532,1.7021,5.976351,6.169611,21.32,-4.25,0.86,0.53,0.385,24.45,3.21,3.033991,3.19663,-0.248461,16.418,14.113,47.5,-26.879,-16.003,3.915617,0.461215,3.566147,3.784417,-3.9879,0,0,0
2021-01-01,408.0,478,16.47,20.57,12.11,11.5,44.5,34.94,1.6,55.46,2085.0,24.52,4.04,916.0,0.82,33.0,44,48,0,0,0,0,1,0,0,0,0,0,3.5533,0.0,6.011267,6.169611,17.16,-4.97,0.72,2.128,1.377,28.56,3.12,3.199489,3.352007,-0.198451,5.128,17.998,46.0,-2.804,-12.917,4.015662,0.470004,3.553632,3.795489,58.5229,0,0,0
2021-02-01,410.0,483,17.33,21.79,12.36,11.5,45.13,34.92,1.606,61.77,2093.0,30.12,8.03,1557.4,0.92,33.6,55,60,1,0,0,0,1,0,0,0,0,0,0.4902,1.046,6.016157,6.180017,17.8,-5.83,0.86,2.018,1.378,38.15,2.45,3.405189,3.641526,-0.083382,12.195,22.838,57.5,-21.474,-16.84,4.123418,0.473747,3.55306,3.809547,8.4952,0,0,0
2021-03-01,411.0,485,18.17,22.95,12.96,11.5,45.77,34.85,1.612,66.43,2102.0,38.16,11.07,1694.2,1.02,34.2,52,58,1,0,0,0,1,0,0,0,0,0,0.2439,0.4141,6.018593,6.184149,18.0,-6.67,0.84,1.844,1.395,49.23,2.91,3.641788,3.896503,0.019803,10.87,26.693,55.0,18.776,-17.926,4.196149,0.477476,3.551053,3.823629,4.4317,0,0,0
2021-04-01,412.0,487,18.12,22.72,12.56,11.5,46.4,34.66,1.619,65.27,2110.0,45.04,14.38,2041.1,1.12,34.8,50,55,1,0,0,0,1,0,0,0,0,0,0.2433,0.4124,6.021023,6.188264,18.2,-6.62,-0.05,0.142,1.414,59.42,2.91,3.807551,4.084631,0.113329,9.804,18.029,52.5,0.0,-17.877,4.178533,0.481809,3.545586,3.837299,4.4086,0,0,0
2021-05-01,411.0,492,17.93,22.28,12.42,11.5,47.03,33.93,1.625,68.53,2118.0,57.94,16.04,2356.7,1.22,35.3,51,53,1,0,0,0,1,0,0,0,0,0,-0.2427,1.0267,6.018593,6.198479,19.71,-6.43,-0.19,0.281,1.442,73.98,3.14,4.059408,4.303795,0.198851,8.929,28.641,52.0,7.904,-18.173,4.227272,0.485508,3.5243,3.850786,-4.3516,0,0,0
2021-06-01,411.0,505,17.75,21.83,12.04,11.5,47.67,33.49,1.631,73.47,2126.0,62.3,22.77,1549.7,1.37,35.9,50,52,1,0,0,0,1,0,0,0,0,0,0.0,2.6423,6.018593,6.224558,22.87,-6.25,-0.18,0.243,1.413,85.07,5.49,4.131961,4.443474,0.314811,12.295,7.525,51.0,74.841,-17.75,4.296877,0.489193,3.511247,3.864302,0.0,0,0,0
2021-07-01,411.0,510,17.38,21.03,11.98,11.5,48.3,33.76,1.638,75.82,2134.0,62.25,26.3,1583.6,1.42,36.5,48,50,1,0,0,0,1,0,0,0,0,0,0.0,0.9901,6.018593,6.234411,24.09,-5.88,-0.37,0.14,0.256,88.55,5.59,4.131159,4.483567,0.350657,3.65,-0.08,49.0,1.821,-17.38,4.328362,0.493476,3.519277,3.877432,0.0,0,0,0
2021-08-01,412.0,516,17.01,20.32,12.02,11.5,48.93,35.31,1.644,70.82,2143.0,63.34,27.24,2005.7,1.47,37.1,47,49,1,0,0,0,1,0,0,0,0,0,0.2433,1.1765,6.021023,6.246107,25.24,-5.51,-0.37,0.14,0.199,90.58,4.52,4.148517,4.506233,0.385262,3.521,1.751,48.0,-19.141,-16.767,4.260141,0.497132,3.564166,3.890391,4.1385,0,0,0
2021-09-01,413.0,521,16.63,19.57,11.72,11.5,49.57,36.97,1.65,75.86,2151.0,68.24,31.33,2142.4,1.52,37.7,46,48,1,0,0,0,1,0,0,0,0,0,0.2427,0.969,6.023448,6.25575,26.15,-5.13,-0.38,0.14,0.198,99.57,4.65,4.223031,4.600861,0.41871,3.401,7.736,47.0,2.876,-16.387,4.32889,0.500775,3.610107,3.903386,4.0361,0,0,0
2021-10-01,414.0,529,15.99,18.34,11.8,11.5,50.2,39.61,1.656,84.32,2159.0,72.53,33.5,2607.1,1.57,38.2,45,47,1,0,0,0,1,0,0,1,0,0,0.2421,1.5355,6.025866,6.270988,27.78,-4.49,-0.64,0.001,0.198,106.03,4.07,4.284,4.663722,0.451076,3.289,6.287,46.0,-12.473,-15.748,4.434619,0.504405,3.679082,3.916015,3.8712,0,0,0
2021-11-01,415.0,535,15.4,17.21,11.78,11.5,50.83,41.56,1.663,81.68,2168.0,75.26,37.85,2884.4,1.62,38.8,44,46,1,0,0,0,1,0,0,1,0,0,0.2415,1.1342,6.028279,6.282267,28.92,-3.9,-0.59,0.001,0.125,113.11,3.92,4.320949,4.728361,0.482426,3.185,3.764,45.0,-3.686,-15.158,4.402809,0.508623,3.727138,3.928487,3.7191,0,0,0
2021-12-01,435.0,542,15.63,17.37,12.43,11.5,51.47,40.52,1.669,74.17,2176.0,78.0,42.6,2310.2,1.67,39.4,46,47,1,0,0,0,1,0,0,1,0,0,4.8193,1.3084,6.075346,6.295266,24.6,-4.13,0.23,2.643,1.891,120.6,5.22,4.356709,4.792479,0.512824,3.086,3.641,46.5,33.163,-10.811,4.30636,0.512225,3.701796,3.940999,75.3257,0,0,0
2022-01-01,415.0,547,15.6,17.11,13.87,11.5,52.1,39.94,1.675,85.54,2184.0,78.27,42.58,2097.3,1.72,40.0,44,45,1,0,0,0,0,0,0,1,0,0,-4.5977,0.9225,6.028279,6.304449,31.81,-4.1,-0.03,4.709,2.979,120.85,5.76,4.360164,4.79455,0.542324,2.994,0.346,44.5,10.345,-20.198,4.448984,0.515813,3.687378,3.953165,-71.7241,0,0,0
2022-02-01,416.0,570,15.7,17.11,14.37,11.5,53.42,40.04,1.671,96.84,2131.0,79.6,51.63,1941.2,0.82,40.6,43,44,1,0,0,0,0,0,0,1,0,0,0.241,4.2048,6.030685,6.345636,37.02,-4.2,0.1,4.709,2.979,131.23,6.76,4.377014,4.876952,-0.198451,-52.326,1.699,43.5,17.361,-15.459,4.57306,0.513422,3.689879,3.978185,3.7837,0,0,0
2022-03-01,416.0,574,15.92,17.2,14.51,11.5,54.73,39.1,1.667,117.25,2078.0,80.44,52.6,1951.2,0.84,41.2,43,44,1,0,0,0,0,0,0,1,0,0,0.0,0.7018,6.030685,6.352629,37.98,-4.42,0.22,2.727,2.98,133.04,6.82,4.387512,4.89065,-0.174353,2.439,1.055,43.5,0.888,-15.92,4.764308,0.511026,3.666122,4.002412,0.0,0,0,0
2022-04-01,418.0,584,16.82,18.37,15.07,11.5,56.05,38.77,1.663,104.65,2025.0,81.18,52.3,1942.7,0.86,41.8,42,43,1,0,0,0,0,0,0,1,0,0,0.4808,1.7422,6.035481,6.369901,39.71,-5.32,0.9,0.24,2.983,133.48,6.87,4.396669,4.893952,-0.150823,2.381,0.92,42.5,0.733,-16.339,4.650621,0.508623,3.657647,4.026244,8.0871,0,0,0
2022-05-01,419.0,602,17.71,19.74,15.81,13.0,57.37,38.77,1.658,112.38,1972.0,73.04,48.31,1717.6,0.88,42.3,42,44,1,0,0,0,0,0,0,1,0,0,0.2392,3.0822,6.037871,6.400257,43.68,-4.71,0.89,0.24,2.983,121.35,7.07,4.291007,4.798679,-0.127833,2.326,-10.027,43.0,2.911,-17.471,4.721886,0.505612,3.657647,4.049522,4.2362,0,0,0
2022-06-01,422.0,618,18.6,20.6,15.98,13.0,58.68,38.74,1.654,117.0,1919.0,71.69,55.17,1041.3,0.9,42.9,40,42,1,0,0,0,0,0,0,1,0,0,0.716,2.6578,6.045005,6.426488,46.45,-5.6,0.89,0.238,2.029,126.86,12.18,4.272351,4.843084,-0.105361,2.273,-1.848,41.0,72.277,-17.884,4.762174,0.503197,3.656873,4.072099,13.3176,0,0,0
2022-07-01,424.0,634,19.64,22.02,17.43,14.0,60.0,38.79,1.65,105.72,1866.0,66.05,54.54,994.5,0.92,43.5,40,41,1,0,0,0,0,0,0,1,0,0,0.4739,2.589,6.049733,6.452049,49.53,-5.64,1.04,0.238,0.25,120.59,12.13,4.190412,4.792396,-0.083382,2.222,-7.867,40.5,-0.411,-19.166,4.660794,0.500775,3.658162,4.094345,9.3074,0,0,0
2022-08-01,430.0,685,20.52,23.12,17.2,14.0,61.32,38.93,1.646,96.63,1813.0,68.13,53.72,1024.2,0.93,44.1,39,41,1,0,0,0,0,0,0,1,0,0,1.4151,8.0442,6.063785,6.529419,59.3,-6.52,0.88,0.489,0.487,121.85,11.9,4.221418,4.802791,-0.072571,1.087,3.149,40.0,-1.896,-19.105,4.570889,0.498348,3.661765,4.116106,29.0379,0,0,0
2022-09-01,434.0,701,20.77,23.34,17.51,15.5,62.63,37.91,1.642,90.13,1760.0,68.56,49.85,945.4,0.94,44.7,40,42,1,0,0,0,0,0,0,1,0,0,0.9302,2.3358,6.073045,6.552508,61.52,-5.27,0.25,0.471,0.418,118.41,12.52,4.227709,4.774153,-0.061875,1.075,0.631,41.0,5.21,-19.84,4.501253,0.495915,3.635215,4.137244,19.3203,0,0,0
2022-10-01,437.0,725,21.09,23.72,17.76,15.5,63.95,37.05,1.638,92.84,1707.0,70.08,44.79,978.7,0.95,45.2,42,44,1,0,0,0,0,0,0,1,0,0,0.6912,3.4237,6.079933,6.586172,65.9,-5.59,0.32,0.369,0.404,114.87,11.74,4.249637,4.743801,-0.051293,1.064,2.217,43.0,-6.23,-20.399,4.530878,0.493476,3.612268,4.158102,14.5774,0,0,0
2022-11-01,440.0,752,21.47,24.13,17.9,16.5,65.27,37.32,1.633,91.41,1654.0,70.19,43.44,875.3,0.96,45.8,44,46,1,0,0,0,0,0,0,1,0,0,0.6865,3.7241,6.086775,6.622736,70.91,-4.97,0.38,0.139,0.326,113.63,12.98,4.251206,4.732948,-0.040822,1.053,0.157,45.0,10.562,-20.784,4.515355,0.490419,3.619529,4.178533,14.7392,0,0,0
2022-12-01,448.0,762,21.34,23.75,17.63,16.5,66.58,36.74,1.629,80.61,1601.0,65.63,44.51,797.4,0.97,46.4,45,47,1,0,0,0,0,0,0,1,0,0,1.8182,1.3298,6.104793,6.635947,70.09,-4.84,-0.13,0.652,0.513,110.14,13.81,4.184033,4.701752,-0.030459,1.042,-6.497,46.0,6.394,-19.522,4.389623,0.487966,3.603866,4.198404,38.8004,0,0,0
2023-01-01,452.0,735,21.82,24.32,17.67,17.5,67.9,36.57,1.625,82.17,1548.0,65.0,44.48,839.6,0.98,47.0,42,44,1,0,0,0,0,0,0,1,0,0,0.8929,-3.5433,6.113682,6.59987,62.61,-4.32,0.48,0.603,0.452,109.48,13.04,4.174387,4.695742,-0.020203,1.031,-0.96,43.0,-5.576,-20.927,4.40879,0.485508,3.599228,4.218036,19.4831,0,0,0
2023-02-01,455.0,755,21.91,24.61,17.56,17.5,70.84,35.1,1.635,83.09,1541.0,69.12,43.56,969.0,0.99,47.5,42,44,1,0,0,0,0,0,0,1,0,0,0.6637,2.7211,6.120297,6.626718,65.93,-4.41,0.09,0.611,0.442,112.68,11.63,4.235844,4.724552,-0.01005,1.02,6.338,43.0,-10.813,-21.246,4.419924,0.491643,3.558201,4.260424,14.5417,0,0,0
2023-03-01,458.0,758,22.04,24.45,17.83,18.0,73.78,35.54,1.644,78.46,1534.0,72.67,37.04,1141.4,1.0,48.0,43,45,1,0,0,0,0,0,0,1,0,0,0.6593,0.3974,6.126869,6.630683,65.5,-4.04,0.13,0.134,0.457,109.71,9.61,4.285929,4.697841,0.0,1.01,5.136,44.0,-17.369,-21.381,4.362589,0.497132,3.570659,4.301088,14.531,0,0,0
2023-04-01,460.0,763,22.22,24.61,18.16,18.0,76.73,35.47,1.654,84.76,1526.0,81.34,33.09,1186.2,1.02,48.5,44,46,1,0,0,0,0,0,0,1,0,0,0.4367,0.6596,6.131226,6.637258,65.87,-4.22,0.18,0.13,0.491,114.43,9.65,4.398638,4.739963,0.019803,2.0,11.931,45.0,0.416,-21.783,4.439824,0.503197,3.568687,4.340293,9.7035,0,0,0
2023-05-01,462.0,765,22.41,24.82,18.24,18.5,79.67,35.24,1.664,75.27,1519.0,82.63,30.44,1125.0,1.05,49.0,44,47,1,0,0,0,0,0,0,1,0,0,0.4348,0.2621,6.135565,6.639876,65.58,-3.91,0.19,0.129,0.519,113.07,10.05,4.414373,4.728007,0.04879,2.941,1.586,45.5,4.145,-21.975,4.321082,0.509224,3.562182,4.377893,9.7439,0,0,0
2023-06-01,664.0,793,22.79,25.25,18.67,18.5,82.61,34.73,1.674,75.34,1512.0,83.53,27.94,1065.8,1.35,49.5,75,82,1,0,1,0,0,0,0,1,0,0,43.7229,3.6601,6.498282,6.675823,19.43,-4.29,0.38,24.992,17.599,111.47,10.46,4.425206,4.713755,0.300105,28.571,1.089,78.5,4.08,20.933,4.322011,0.515216,3.547604,4.414131,996.4449,1,0,0
2023-07-01,779.0,853,24.08,26.98,20.47,18.75,85.55,34.11,1.683,81.12,1504.0,84.07,26.23,1172.5,1.83,50.0,85,90,1,0,1,0,0,0,0,1,0,0,17.3193,7.5662,6.658011,6.74876,9.5,-5.33,1.29,21.818,17.587,110.3,9.41,4.43165,4.703204,0.604316,35.556,0.646,87.5,-10.038,-6.761,4.39593,0.520578,3.529591,4.449101,417.0487,1,0,0
2023-08-01,855.0,895,25.8,29.34,21.52,18.75,88.49,33.97,1.693,85.97,1497.0,83.58,26.36,1052.0,1.95,50.5,80,85,1,0,1,0,0,0,0,1,0,0,9.7561,4.9238,6.751101,6.796824,4.68,-7.05,1.72,17.833,16.945,109.94,10.45,4.425804,4.699935,0.667829,6.557,-0.583,82.5,11.052,-16.044,4.453998,0.526502,3.525478,4.48289,251.7074,1,0,0
2023-09-01,892.0,985,26.72,30.64,22.07,18.75,91.43,33.26,1.703,92.82,1490.0,83.47,26.58,1048.6,2.05,51.0,70,75,1,0,1,0,0,0,0,1,0,0,4.3275,10.0559,6.793466,6.892642,10.43,-7.97,0.92,6.525,16.513,110.05,10.49,4.424487,4.700935,0.71784,5.128,-0.132,72.5,0.383,-22.392,4.530662,0.532391,3.504355,4.515574,115.6308,1,0,0
2023-10-01,897.0,1020,27.33,31.52,22.63,18.75,94.38,33.04,1.712,88.52,1483.0,87.38,26.5,1252.9,2.15,51.5,68,72,1,0,1,0,0,0,0,1,0,0,0.5605,3.5533,6.799056,6.927558,13.71,-8.58,0.61,4.623,16.494,113.88,9.09,4.470266,4.735145,0.765468,4.878,4.684,70.0,-13.346,-26.769,4.483229,0.537662,3.497719,4.547329,15.3185,1,0,0
2023-11-01,898.0,1055,28.2,32.84,23.29,18.75,97.32,33.12,1.722,82.21,1476.0,88.02,25.37,1438.8,2.2,52.0,67,71,1,0,1,0,0,0,0,1,0,0,0.1115,3.4314,6.80017,6.961296,17.48,-9.45,0.87,2.315,16.543,113.39,7.88,4.477564,4.730833,0.788457,2.326,0.732,69.0,-13.311,-28.088,4.409277,0.543486,3.500137,4.578005,3.1443,1,0,0
2023-12-01,899.0,1063,28.92,33.93,23.06,18.75,100.26,33.32,1.732,76.55,1468.0,91.52,24.3,1640.8,2.25,52.5,66,70,0,1,1,0,0,0,0,1,0,0,0.1114,0.7583,6.801283,6.96885,18.24,-10.17,0.72,0.259,6.95,115.82,7.06,4.516558,4.752037,0.81093,2.273,3.976,68.0,-10.406,-28.809,4.337944,0.549277,3.506158,4.607767,3.2217,1,0,0
2024-01-01,978.0,1455,29.9,35.41,24.76,18.75,103.2,33.04,1.742,77.33,1461.0,95.83,26.37,1638.0,1.97,53.0,70,72,0,1,1,0,0,1,0,1,0,0,8.7875,36.8768,6.88551,7.282761,48.77,-11.15,0.98,5.009,4.432,122.2,7.46,4.562576,4.805659,0.678034,-12.444,4.709,71.0,5.666,-21.112,4.348082,0.555034,3.497719,4.636669,262.7462,1,0,0
2024-02-01,1487.0,1530,31.7,37.92,26.21,22.75,106.68,32.73,1.746,82.88,1465.0,96.48,27.23,1956.6,2.8,53.5,95,100,0,1,1,1,0,1,0,1,1,0,52.045,5.1546,7.304516,7.333023,2.89,-8.95,1.8,27.82,20.397,123.71,6.32,4.569336,4.81794,1.029619,42.132,0.678,97.5,-15.282,20.345,4.417394,0.557327,3.488292,4.669834,1649.8265,2,0,0
2024-03-01,1570.0,1575,33.2,40.01,27.05,24.75,110.17,31.77,1.75,85.47,1469.0,104.39,30.04,2665.0,3.2,54.1,88,92,0,1,1,1,0,1,0,1,1,0,5.5817,2.9412,7.358831,7.362011,0.32,-8.45,1.5,25.95,20.321,134.43,5.04,4.648134,4.901044,1.163151,14.286,8.199,90.0,-20.253,-27.618,4.448165,0.559616,3.458522,4.702025,185.3124,2,0,0
2024-04-01,1445.0,1450,33.69,40.53,27.8,24.75,113.65,32.29,1.754,90.02,1473.0,107.68,31.31,2459.3,2.0,54.6,72,78,0,1,1,1,0,1,0,1,1,0,-7.9618,-7.9365,7.275865,7.279319,0.35,-8.94,0.49,31.472,21.479,138.99,5.65,4.679164,4.934402,0.693147,-37.5,3.152,75.0,12.103,-41.652,4.500032,0.561899,3.474758,4.733124,-268.233,2,0,0
2024-05-01,1432.0,1435,33.95,40.66,28.17,26.25,117.13,32.93,1.758,83.83,1477.0,111.04,32.72,2515.3,1.85,55.2,65,70,0,1,1,1,0,1,0,1,1,0,-0.8997,-1.0345,7.266827,7.26892,0.21,-7.7,0.26,6.774,21.573,143.76,5.72,4.70989,4.968145,0.615186,-7.5,3.12,67.5,1.239,-34.85,4.428791,0.564177,3.494384,4.763284,-30.5448,2,0,0
2024-06-01,1470.0,1498,34.19,40.87,27.4,26.25,120.62,34.7,1.762,85.0,1481.0,113.18,32.64,2498.3,1.9,55.7,63,68,0,1,1,1,0,1,0,1,1,0,2.6536,4.3902,7.293018,7.311886,1.9,-7.94,0.24,5.403,21.374,145.82,5.84,4.728979,4.982373,0.641854,2.703,1.927,65.5,2.098,-31.536,4.442651,0.56645,3.54674,4.792645,90.7266,2,0,0
2024-07-01,1549.0,1588,33.4,39.53,27.47,26.75,124.1,35.31,1.767,84.85,1484.0,114.49,33.79,2313.9,1.8,56.3,60,65,0,1,1,1,0,1,0,1,1,0,5.3741,6.008,7.345365,7.370231,2.52,-6.65,-0.79,3.146,21.459,148.28,6.41,4.740487,4.999102,0.587787,-5.263,1.157,62.5,9.76,-28.026,4.440885,0.569283,3.564166,4.821088,179.4949,2,0,0
2024-08-01,1598.0,1612,32.15,37.52,27.58,26.75,127.58,36.15,1.771,79.6,1488.0,117.67,35.44,2218.2,1.9,56.8,58,62,0,1,1,1,0,1,0,1,1,0,3.1633,1.5113,7.376508,7.385231,0.88,-5.4,-1.25,1.446,5.116,153.11,6.9,4.767884,5.031157,0.641854,5.556,2.778,60.0,7.644,-28.987,4.377014,0.571544,3.587677,4.848744,101.7001,2,0,0
2024-09-01,1601.0,1568,32.7,37.77,26.38,27.25,131.07,36.07,1.775,73.64,1492.0,119.39,34.44,2348.9,1.88,57.4,60,63,0,1,1,1,0,1,0,1,1,0,0.1877,-2.7295,7.378384,7.357556,-2.06,-5.45,0.55,2.603,4.671,153.83,6.55,4.782395,5.035848,0.631272,-1.053,1.462,61.5,-5.072,-32.512,4.299188,0.5738,3.585461,4.875732,6.1378,2,0,0
2024-10-01,1645.0,1650,33.88,39.16,28.37,27.25,134.55,38.36,1.779,74.13,1496.0,121.53,37.98,2545.1,1.95,57.9,62,65,0,1,1,1,0,1,0,1,1,0,2.7483,5.2296,7.405496,7.408531,0.3,-6.63,1.18,1.612,2.244,159.51,6.27,4.800161,5.072107,0.667829,3.723,1.792,63.5,-4.275,-31.132,4.30582,0.576051,3.647015,4.901936,93.1124,2,0,0
2024-11-01,1678.0,1685,34.6,39.93,28.75,27.5,138.03,40.19,1.783,73.56,1500.0,131.44,42.44,3220.8,1.98,58.5,65,68,0,1,1,1,0,1,0,1,1,0,2.0061,2.1212,7.425358,7.429521,0.42,-7.1,0.72,1.317,1.683,173.88,5.4,4.87855,5.158365,0.683097,1.538,8.154,66.5,-13.876,-32.594,4.298101,0.578297,3.693618,4.927471,69.4111,2,0,0
2024-12-01,1535.0,1552,34.8,39.84,28.57,27.5,141.52,40.88,1.787,74.49,1504.0,137.01,44.28,3300.0,2.08,59.0,68,71,0,1,1,1,0,1,0,1,1,0,-8.5221,-7.8932,7.336286,7.3473,1.11,-7.3,0.2,6.304,4.879,181.29,5.49,4.920054,5.200098,0.732368,5.051,4.238,69.5,1.667,-43.322,4.310665,0.580538,3.710641,4.952441,-296.5691,2,0,0
2025-01-01,1565.0,1575,24.48,26.08,22.59,27.5,145.0,38.88,1.792,76.2,1508.0,148.0,48.0,3500.0,2.1,59.2,70,72,0,1,1,1,0,1,1,1,1,0,1.9544,1.482,7.355641,7.362011,0.64,3.02,-10.32,6.064,4.42,196.0,5.6,4.997212,5.278115,0.741937,0.962,8.021,71.0,2.004,-22.526,4.333361,0.583332,3.66048,4.976734,47.8437,2,0,1
2025-02-01,1502.0,1517,23.18,23.51,22.4,27.5,148.33,39.5,1.795,75.1,1514.0,160.0,52.0,3200.0,2.2,59.5,68,75,0,1,1,1,0,1,1,1,1,0,-4.0256,-3.6825,7.314553,7.32449,1.0,4.32,-1.3,5.256,4.448,212.0,6.62,5.075174,5.356586,0.788457,4.762,8.108,71.5,18.214,-27.206,4.318821,0.585005,3.676301,4.99944,-93.3134,2,1,1
2025-03-01,1570.0,1582,24.23,22.41,22.1,27.5,151.67,40.2,1.799,73.5,1520.0,163.0,56.0,2900.0,2.15,59.8,65,70,0,1,1,1,0,1,1,1,1,0,4.5273,4.2848,7.358831,7.366445,0.76,3.27,1.05,4.388,4.989,219.0,7.55,5.09375,5.389072,0.765468,-2.273,1.875,67.5,14.048,-19.703,4.297285,0.587231,3.693867,5.021707,109.6965,2,0,1
2025-04-01,1605.0,1617,23.71,21.26,21.8,27.5,155.0,40.8,1.802,68.0,1526.0,165.0,59.0,2700.0,2.1,60.0,62,68,0,1,1,1,0,1,1,1,1,0,2.2293,2.2124,7.380879,7.388328,0.75,3.79,-0.52,4.426,4.931,224.0,8.3,5.105945,5.411646,0.741937,-2.326,1.227,65.0,9.934,-21.481,4.219508,0.588897,3.708682,5.043425,52.8567,2,0,1
2025-05-01,1578.0,1590,22.97,21.0,21.5,27.5,158.33,41.5,1.806,65.0,1532.0,167.0,62.0,2600.0,2.05,60.2,60,65,0,1,1,1,0,1,1,1,1,0,-1.6822,-1.6698,7.363914,7.371489,0.76,4.53,-0.74,3.139,4.814,229.0,8.81,5.117994,5.433722,0.71784,-2.381,1.212,62.5,6.145,-24.652,4.174387,0.591114,3.725693,5.064681,-38.6401,2,1,1
2025-06-01,1552.0,1562,22.22,21.97,22.76,27.5,161.67,42.0,1.809,65.0,1538.0,168.5,64.0,2700.0,2.08,60.5,58,62,0,1,1,1,0,1,1,1,1,0,-1.6477,-1.761,7.3473,7.353722,0.64,5.28,-0.75,2.248,3.185,232.5,8.61,5.126936,5.44889,0.732368,1.463,0.898,60.0,-2.27,-23.868,4.174387,0.592774,3.73767,5.085557,-36.6119,2,1,1
2025-07-01,1540.0,1552,21.88,22.74,22.0,27.5,165.0,42.8,1.812,72.0,1544.0,170.0,66.0,2800.0,2.1,60.8,58,60,0,1,1,1,0,1,1,1,1,0,-0.7732,-0.6402,7.339538,7.3473,0.78,5.62,-0.34,0.515,3.082,236.0,8.43,5.135798,5.463832,0.741937,0.962,0.89,59.0,-2.091,-22.653,4.276666,0.594431,3.756538,5.105945,-16.9176,2,0,1
2025-08-01,1533.0,1545,20.12,21.5,20.5,27.5,168.33,43.5,1.816,67.0,1550.0,172.0,68.0,2900.0,2.12,61.0,58,60,0,1,1,1,0,1,1,1,1,0,-0.4545,-0.451,7.334982,7.342779,0.78,7.38,-1.76,0.618,2.49,240.0,8.28,5.147494,5.480639,0.751416,0.952,1.176,59.0,-1.779,-20.574,4.204693,0.596636,3.772761,5.125926,-9.1445,2,0,1
2025-09-01,1510.0,1522,18.02,18.2,19.0,27.0,171.67,44.2,1.819,65.0,1556.0,174.9,68.0,3000.0,2.15,61.2,55,55,0,1,1,1,0,1,1,1,1,0,-1.5003,-1.4887,7.319865,7.327781,0.79,8.98,-2.1,0.536,1.492,242.9,8.1,5.164214,5.49265,0.765468,1.415,1.686,55.0,-2.174,-19.52,4.174387,0.598287,3.788725,5.145574,-27.0354,2,1,1
2025-10-01,1480.0,1493,16.05,15.8,17.8,27.0,175.0,44.9,1.823,63.0,1562.0,177.5,68.0,2100.0,2.18,61.5,52,50,0,1,1,1,0,1,1,1,1,0,-1.9868,-1.9054,7.299797,7.308543,0.88,10.95,-1.97,0.783,0.593,245.5,11.69,5.178971,5.503297,0.779325,1.395,1.487,51.0,44.321,-18.037,4.143135,0.600483,3.804438,5.164786,-31.8881,2,1,1
2025-11-01,1447.0,1458,14.45,13.5,17.1,27.0,178.33,45.5,1.826,60.0,1568.0,181.0,68.0,2000.0,2.2,61.8,50,48,0,1,1,1,0,1,1,1,1,0,-2.2297,-2.3443,7.277248,7.284821,0.76,12.55,-1.6,0.371,0.691,249.0,12.45,5.198497,5.517453,0.788457,0.917,1.972,49.0,6.501,-16.68,4.094345,0.602128,3.817712,5.183636,-32.2192,2,1,1
2025-12-01,1470.0,1480,15.15,12.0,17.5,27.0,181.67,45.8,1.83,58.5,1574.0,187.3,68.5,1950.0,2.25,62.0,52,52,0,1,1,1,0,1,1,1,1,0,1.5895,1.5089,7.293018,7.299797,0.68,11.85,0.7,2.138,1.394,255.8,13.12,5.232712,5.544396,0.81093,2.273,3.481,52.0,5.382,-13.561,4.069027,0.604316,3.824284,5.202192,24.0809,2,0,1
2026-01-01,1420.0,1432,15.1,8.89,17.72,27.0,185.0,46.8,1.833,72.0,1580.0,187.2,71.0,1900.0,2.3,62.3,50,50,0,1,1,1,0,1,1,1,1,0,-3.4014,-3.2432,7.258412,7.266827,0.85,11.9,-0.05,2.61,1.723,258.2,13.59,5.232178,5.553734,0.832909,2.222,-0.053,50.0,3.582,-18.501,4.276666,0.605954,3.845883,5.220356,-51.3611,2,1,1
2026-02-01,1358.0,1368,15.06,12.12,15.88,26.5,185.0,47.5,1.833,68.0,1580.0,187.16,73.0,1850.0,2.35,62.6,48,48,0,1,1,1,0,1,1,1,1,0,-4.3662,-4.4693,7.213768,7.221105,0.74,11.44,-0.04,3.197,2.037,260.16,14.06,5.231964,5.561297,0.854415,2.174,-0.021,48.0,3.458,-19.426,4.219508,0.605954,3.86073,5.220356,-65.755,2,1,1
2026-03-01,1380.0,1390,15.38,14.31,16.21,26.5,185.0,48.0,1.833,103.0,1580.0,188.0,74.0,1750.0,2.4,62.9,50,50,0,1,1,1,0,1,1,1,1,1,1.62,1.6082,7.229839,7.237059,0.72,11.12,0.32,3.214,2.525,262.0,14.97,5.236442,5.568345,0.875469,2.128,0.449,50.0,6.472,-13.76,4.634729,0.605954,3.871201,5.220356,24.9156,3,0,1
2026-04-01,1370.0,1380,16.4,15.5,16.8,26.5,185.0,48.5,1.833,108.0,1580.0,188.5,75.0,1700.0,2.45,63.2,52,52,0,1,1,1,0,1,1,1,1,1,-0.7246,-0.7194,7.222566,7.229839,0.73,10.1,1.02,3.016,2.525,263.5,15.5,5.239098,5.574053,0.896088,2.083,0.266,52.0,3.54,-17.125,4.682131,0.605954,3.881564,5.220356,-11.8834,3,0,1
2026-05-01,1360.0,1370,17.2,16.0,17.0,26.5,185.0,49.0,1.833,114.0,1580.0,189.0,75.0,1700.0,2.5,63.5,55,55,0,1,1,1,0,1,1,1,1,1,-0.7299,-0.7246,7.21524,7.222566,0.74,9.3,0.8,1.355,2.483,264.0,15.53,5.241747,5.575949,0.916291,2.041,0.265,55.0,0.194,-17.93,4.736198,0.605954,3.89182,5.220356,-12.5543,3,0,1
